Наименование;Кол-во;Розница;от 10шт; от 100шт ; от 1000шт ;Размер;Примечание;Примечание
0,01mkF 2000V Y5P 10%;496;6;5;4;0;;;
1000pF 2000V Y5P 10%;647;6;5;2,5;0;;;
1500pF 2000V Y5P 10%;841;6;5;2,5;0;;;
2200pF 2000V Y5P 10%;917;6;5;2,5;0;;(К15-5);Ether
3300pF 2000V Y5P 10%;410;6;5;2,5;0;;;
4700pF 2000V Y5P 10%;997;6;5;3;0;;;
0,022F 5,5V ионистор (Panasonic EECS0HD223V);2917;15;12;10;8;;;
0,33F x 5,5V (ионистор);2;80;0;0;0;;(5R5D10F33V);вертикальный
1,0F x 5,5V (ионистор);12;150;125;0;0;;;
1,8F x 5,5V (ионистор);2;150;125;0;0;;;
100F x 2,7V (EDLC);3;520;450;0;0;22x45mm;;
2,0F x 5,5V (ионистор) 5R5D20F200H;9;150;130;0;0;;;
0,15mkF  Y5V;843;8;6;4;3;;Y5V;
0,1mkF  Y5V;657;8;6;4;3;;Y5V;
0,22mkF  Y5V;654;8;6;4;3;;Y5V;
0,33mkF  Y5V;1035;8;6;4;3;;Y5V;
0,47mkF  Y5V;1727;8;6;4;3;;Y5V;
0,68mkF  Y5V;1269;8;6;4;3;;Y5V;  +80-20%
1,0mkF  Y5V;818;10;8;5;4;;Y5V;  +80-20%
1,0pF  NPO;823;6;5;3;2;;NPO;5%
1,2pF  NPO;770;6;5;3;2;;NPO;5%
1,5mkF  Y5V;814;10;8;5;4;;Y5V;
1,5pF  NPO;1509;6;5;3;2;;NPO;5%
1000pF  (1n0)  X7R;3601;6;5;3;2;;X7R;10%
100pF  NPO;1218;6;5;3;2;;NPO;5%
10mkF Y5V;136;15;12;8;0;;;
10nF (0,01mkF)  X7R;729;6;5;3;2;;Y5V;
10pF  NPO;829;6;5;3;2;;NPO;5%
1100pF  (1n1)  X7R;1551;6;5;3;2;;X7R;10%
1200pF  (1n2)  X7R;1154;6;5;3;2;;X7R;10%
120pF  NPO;2633;6;5;3;2;;NPO;5%
12pF  NPO;1429;6;5;3;2;;NPO;5%
1500pF  (1n5)  X7R;1407;6;5;3;2;;X7R;10%
150pF  NPO;1371;6;5;3;2;;NPO;5%
15nF (0,015mkF)  Y5V;2130;6;5;3;2;;Y5V;10%
15pF  NPO;1097;6;5;3;2;;NPO;5%
16pF  NPO;721;6;5;3;2;;NPO;5%
1800pF  (1n8)  X7R;639;6;5;3;2;;X7R;10%
180pF  NPO;1006;6;5;3;2;;NPO;5%
18pF  NPO;1094;6;5;3;2;;NPO;5%
2,0pF  NPO;1026;6;5;3;2;;NPO;5%
2,2mkF  Y5V;286;10;8;6;4;;Y5V;
2,2pF  NPO;701;6;5;3;2;;NPO;5%
2000pF  (2n0)  X7R;785;6;5;3;2;;X7R;10%
200pF  NPO;1628;6;5;3;2;;NPO;5%
20pF  NPO;1522;6;5;3;2;;NPO;5%
2200pF  (2n2)  X7R;1029;6;5;3;2;;X7R;10%
220pF  NPO;331;6;5;3;2;;NPO;5%
22nF (0,022mkF)  Y5V;2575;6;5;3;2;;Y5V;
22pF  NPO;1091;6;5;3;2;;NPO;5%
2400pF  (2n4)  X7R;1760;6;5;3;2;;X7R;10%
240pF  NPO;890;6;5;3;2;;NPO;5%
24pF  NPO;667;6;5;3;2;;NPO;5%
2700pF  (2n7)  X7R;1375;6;5;3;2;;X7R;10%
270pF  NPO;1544;6;5;3;2;;NPO;5%
27nF (0,027mkF)  Y5V;1158;6;5;3;2;;Y5V;
27pF  NPO;3459;6;5;3;2;;NPO;5%
3,3pF  NPO;745;6;5;3;2;;NPO;5%
3,9pF  NPO;1356;6;5;3;2;;NPO;5%
3000pF  (3n0)  X7R;1921;6;5;3;2;;X7R;10%
300pF  NPO;376;6;5;3;2;;NPO;5%
30pF NP0;5828;6;5;3;2;;К10-17Б-М47-10%;5%
3300pF  (3n3)  X7R;1040;6;5;3;2;;X7R;10%
330pF  NPO;1148;6;5;3;2;;NPO;5%
33nF (0,033mkF)  Y5V;1029;6;5;3;2;;Y5V;
33pF  NPO;1017;6;5;3;2;;NPO;5%
3600pF  (3n6)  X7R;1094;6;5;3;2;;X7R;10%
360pF  NPO;844;6;5;3;2;;NPO;5%
36pF  NPO;1718;6;5;3;2;;NPO;5%
3900pF  (3n9)  X7R;956;6;5;3;2;;X7R;10%
390pF  NPO;476;6;5;3;2;;NPO;5%
39pF  NPO;1644;6;5;3;2;;NPO;5%
4,7pF  NPO;1189;6;5;3;2;;NPO;5%
4300pF  (4n3)  X7R;1631;6;5;3;2;;X7R;10%
430pF  NPO;1824;6;5;3;2;;NPO;5%
43pF  NP0;2127;6;5;3;2;;NP0;5%
4700pF  (4n7)  X7R;646;6;5;3;2;;X7R;10%
470pF  NP0;1475;6;5;3;2;;NP0;5%
47nF (0,047mkF)  Y5V;2846;6;5;3;2;;Y5V;
47pF  NPO;1161;6;5;3;2;;NPO;5%
5,6pF  NPO;824;6;5;3;2;;NPO;5%
5100pF  (5n1)  X7R;2165;6;5;3;2;;X7R;10%
510pF  NPO;948;6;5;3;2;;NPO;5%
51pF  NPO;1542;6;5;3;2;;NPO;5%
5600pF  (5n6)  X7R;965;6;5;3;2;;X7R;10%
560pF  NPO;938;6;5;3;2;;NPO;5%
56pF  NPO;512;6;5;3;2;;NPO;5%
6,8pF  NPO;977;6;5;3;2;;NPO;5%
6200pF  (6n2)  X7R;1330;6;5;3;2;;X7R;10%
620pF  NPO;1273;6;5;3;2;;NPO;5%
62pF  NPO;2042;6;5;3;2;;NPO;5%
6800pF  (6n8)  X7R;1219;6;5;3;2;;X7R;10%
680pF  NPO;1255;6;5;3;2;;NPO;5%
68nF (0,068mkF)  Y5V;1555;6;5;3;2;;Y5V;  отечеств-2500шт
68pF  NPO;1892;6;5;3;2;;NPO;5%
7,5pF  NPO;1244;6;5;3;2;;NPO;5%
7500pF  (7n5)  X7R;875;6;5;3;2;;X7R;10%
750pF  NP0;458;6;5;3;2;;NP0;5%
75pF  NPO;924;6;5;3;2;;NPO;5%
8,2pF  NPO;1052;6;5;3;2;;NPO;5%
8200pF  (8n2)  X7R;1148;6;5;3;2;;X7R;10%
820pF  NPO;847;6;5;3;2;;NP0;5%
82pF  NPO;595;6;5;3;2;;NP0;5%
9100pF  (9n1)  X7R;1259;6;5;3;2;;X7R;10%
910pF  NP0;685;6;5;3;2;;NP0;5%
91pF  NPO;1005;6;5;3;2;;NPO;5%
КТ-1 М47 2,7пФ;180;5;4;3;0;;;
КТ-2 М750 15пФ 10%  500В;4931;10;8;5;3;;;
КТ-2 М750 27пФ 500В;1840;10;8;5;3;;;
КТ-2 М750 300пФ 5% (500В);40;10;8;0;0;;;
КТ-2 М750 33пФ 10%  500В;825;10;8;5;0;;;
КТ-2 М750 6,8пФ 10% 500В;460;10;8;5;0;;;
КТ3 М47 15пФ 5%;33;10;8;0;0;;;
0603 0,033mkF 50V (Y5V) Murata (GRM188R71H333KA);198980;4;3;1;0,1;0603;(GRM188R71H333KA);Y5V
0805 0,15mkF (X7R);2168;3;2;1,5;1;0805;;
0805 0,1mkF 50V (X7R);7582;3;2;1,5;1,1;0805;;  +80/-20%
0805 0,22mkF 50V (X7R);2906;3;2;1;0,8;0805;;
0805 0,33mkF 25(50)V (Y5V);1519;3;2;1,5;1,1;0805;;Samsung
0805 0,47mkF 50V (Y5V);402;3;2;1,5;0;0805;;
0805 0,68mkF (Y5V);2270;3;2;1,5;1;0805;;
0805 1,0mkF (Y5V) 50V;1670;3;2;1,5;1;;;
0805 1,0mkF 10% (X7R) 16V;102;4;3;1,5;0,8;;;
0805 1,5mkF (Y5V);144;4;3;1,5;1;0805;;
0805 100pF NP0;266;2;1,5;0,5;0,35;0805;;
0805 10mkF 16V X5R 10%;1244;4;3;2;1,7;;;
0805 10nF (Y5V);2603;3;2;1;0,35;0805;;
0805 10pF NP0;2068;3;2;1;0,3;0805;;
0805 2,2pF (NPO);3283;3;2;1;0,3;0805;;
0805 2200pF (X7R);3363;3;2;1;0,6;0805;;
0805 22pF NP0;2371;3;2;1;0,6;;;
0805 330pF (X7R);368;3;2;1;0,3;0805;;
0805 4,7mkF 16V X7R (SMD);2827;4;3;1,5;1;0805;;
0805 47nF (Y5V);13703;3;2;1;0,25;0805;;
0805 560pF (X7R);3294;3;2;1;0,3;0805;;
1206 330pF 50V;2964;2;1;0,5;0,25;1206;;
1206 47pF 50V (NP0);500;3;2;0,5;0;1206;;
1000mkF 10V  компьют.+105C (Jamicon-WL);185;10;7;5;0;8x16mm;компьют.+105C;
1000mkF 16V компьют. +105C (Elzet CD285);38;12;10;6,5;0;(8x20mm);;
1000mkF 16V компьют.+105С (Jamicon-WL);200;12;10;8;0;10x16mm;компьют.+105C;
1000mkF 6,3V  компьют.+105C (Jamicon-WL);85;8;6;0;0;10x12,5mm;компьют.+105C;Jamicon WL
1000mkF 6,3V  компьют.+105C (Teapo-SC);360;8;6;5;0;8x15mm;компьют.+105C;
1200mkF 10V  компьют.+105C;65;6;5;4;0;8x20mm;компьют.+105C;Capxon, Jamicon  серия LZ (компьютерные),
1500mkF 10V  компьют.+105C (Jamicon-WL);79;12;10;7;0;8x20mm;компьют.+105C;Jamicon  серия  WL
1500mkF 16V  компьют.+105C (Jamicon-WL);12;12;10;8,5;0;10x20mm;компьют.+105C;Jamicon  серия  WL
1500mkF 6,3V  компьют.+105C (Jamicon-WL);107;10;8;6;0;8x20mm;компьют.+105C;Jamicon WL
2200mkF 10V  компьют.+105C (Jamicon-WL);130;15;12;10;0;10x24mm;компьют.+105C;Jamicon  серия  WL
2200mkF 16V компьют.+105С (Jamicon WL);130;15;12;10,5;0;10x26mm;компьют.+105C;Jamicon серия WL (компьютерные)
2200mkF 25V компьют.+105С (Jamicon-WL);148;35;30;25;0;16x25mm;;
2200mkF 6,3V  компьют.+105C (Jamicon-WL);231;10;8;6,5;0;10x21mm;компьют.+105C;Jamicon  серия  WL
2700mkF 10V  компьют.+105C (Jamicon-WL);96;20;18;15;0;10х25mm;компьют.+105C;
3300mkF 10V  компьют.+105C (Jamicon-WL);142;25;20;16;0;10х30mm;компьют.+105C;Jamicon   WL
3300mkF 16V компьют.+105С (Jamicon-WL);145;25;20;17;0;13х26mm;компьют.+105C;Jamicon WL
3300mkF 6,3V  компьют.+105C (Teapo-SC/Jamicon-WL);42;16;14;12;0;10х30mm;компьют.+105C;
4700mkF 6,3V  компьют.+105C (Jamicon-WL);79;45;40;35;0;13х25mm;компьют.+105C;Jamicon  серия  WL
470mkF 25V компьют. +105С (Jamicon-WL);447;12;10;7;0;8x16mm;;
470mkF 35V компьют. +105С (Jamicon-WL);110;18;15;12;0;8x20mm;;
680mkF 25V компьют.+105C (Jamicon-WL);120;12;10;8;0;10x20mm;компьют.+105C;Jamicon WL
680mkF 6,3V компьют.+105С (Jamicon-WL);490;8;6;5;0;;компьют.+105C;
820mkF 10V  компьют.+105C (Jamicon-WL);26;8;6;5;0;8x16mm;компьют.+105C;Jamicon  серия  WL
KL-MP1 3,8mkF 400VAC (UNITRA TELPOD) Poland;182;50;40;35;0;d35x105mm;;
БГТ 200В 0,5мкФ 5%;16;25;20;0;0;;;
К40У-9 200В 0,47мкФ 10%;39;120;100;0;0;;;
К40У-9 200В 3300пФ 10%;116;25;20;15;0;;;
К40У-9 200В 4700пФ 20%;45;25;20;15;0;;;
К40У-9 200В 6800пФ 10%;5;25;20;15;0;"""5""";;
К40У-9 400В 6800пФ 10%;54;30;25;0;0;;;
К40У-9 630В 0,15мкФ 10%;37;130;110;0;0;;;
К42-11 125В 10мкФ 10%;52;50;40;0;0;;;
К42У-2 160В 0,15мкФ 10%;310;15;12;10;0;;;
К42У-2 160В 0,1мкФ;420;15;12;8;0;;;
К42У-2 160В 0,22мкФ 10%;268;15;12;10;0;;;
К42У-2 160В 0,33мкФ 10%;226;15;12;10;0;;;
К42У-2 160В 0,47мкФ;148;15;12;10;0;;;
К42У-2 160В 1,0мкФ 10%;199;20;15;10;0;;;
К42У-2 250В 0,047мкФ 10%;14;15;12;10;0;;;
К42У-2 250В 0,15мкФ 10%;224;15;12;10;0;;;
К42У-2 250В 0,22мкФ 10%;257;15;12;10;0;;;
К42У-2 250В 0,47мкФ 10%;1320;20;15;12;0;;;
К42У-2 250В 1,0мкФ 10%;186;20;15;12;0;;;
К42У-2 500В 0,15мкФ 10%;251;30;25;20;0;;;
К42У-2 630В 0,047мкФ 10%;40;20;16;12;0;;;
К42У-2_1000В 0,01мкФ 10%;32;20;15;0;0;;;
К42У-2_1000В 0,15мкФ 10%;1;25;20;0;0;;;
К42У-2_1600В 0,047мкФ 10%;65;20;17;0;0;;;
КБГ-МН 600В 1мкФ 10%;68;120;100;85;0;(экспорт);;
КБГ-МП(-2В) 600В 1,0мкФ 1020%;29;85;70;0;0;;;
МБГН-1в 200В 9мкФ 5%;15;80;70;0;0;"""5""";;
МБГН-2в 200В 9мкФ 5%;25;80;70;0;0;;;
МБГО-2 160В 10мкФ 10%;39;80;60;0;0;;;
МБГП-1 400В 2,0мкФ 10%;16;40;30;0;0;;;
МБГП-2 250В 0,51мкФ 10%;2;30;0;0;0;;;
МБГЦ-2 200В 1мкФ 5%;165;30;25;20;0;"""5""";;
МБГЦ-2 400В 0,1мкФ 10%;278;30;25;20;0;"""5""";;
МБГЧ-1-2А 250В 2мкФ 10%;16;40;30;0;0;;;
МБГЧ-1В 250В 0,5мкФ 10%;15;25;20;0;0;;;
ОМБГ-1 160В 15мкФ 5%;34;60;50;0;0;"""5""";;
ОМБГ-1 160В 20мкФ 20% (МБГО-1);3;70;0;0;0;;;
ОМБГ-1 160В 30мкФ;1;100;80;0;0;;;
ОМБГ-2 400В 10мкФ 10%;248;150;125;110;0;;;
ОМБГ-3 160В 20мкФ;1;80;70;0;0;;;
1 mkF х 63V  mini  +105C;739;2;1,5;0,6;0,5;4x7mm;+105C;Jamicon  Jamicon-SS
22mkF 25V  mini  +105C (Capxon-SK);510;3;2;1,5;1,2;5x7mm;+105C;CapXon  S5025M0022ST,CapXon
22mkF х 10V  mini  +105C;55;2;1,5;0,6;0,5;5x7mm;+105C; (Teapo-SC)
3,3mkF х 50V  mini  +105C;272;2;1,5;0,6;0,45;4x7mm;+105C;  SS050M3R30ST4
4,7mkF х 50V  mini  +105C;48;2;1,5;0,7;0,5;4x7mm;+105C;CapXon  SK
47mkF х 10V  mini  +105C;37;2;1,5;0,6;0,5;6x7mm;+105C;Teapo, Capxon
Low-ESR 1000mkF 10V +105C (Hitano-EXR);950;10;8;5;0;10x12,5mm;EXR102M10BA;
Low-ESR 1000mkF 16V +105C (Hitano-EXR);108;12;10;8;0;10x21mm;EXR102M16BA;
Low-ESR 100mkF 25V +105C (Hitano-EXR);1975;5;4;3;2,5;6,3x11mm;EXR101M25B;
Low-ESR 150mkF 50V +105C (Hitano-EXR);463;10;8;6;0;(?x?mm);;
Low-ESR 220mkF 25V +105C (Hitano-EXR);950;8;6;4;0;8x12mm;EXR221M25B;
Low-ESR 2700mkF 25V +105C (Panasonic);889;20;15;12;0;12x26mm;;
Low-ESR 3300mkF 6,3V (CapXon KF);295;20;15;12,5;0;10х20мм;;
Low-ESR 330mkF 16V (Samwha WL) +105C;193;10;8;5;0;8x12mm;+105C;
"КПВ-100 (5..100пФ) ""5"" 90г";16;250;200;0;0;;;
КПК-2 (Б/У, разные: 25/150пФ,  150/250пФ);3;50;0;0;0;;;
КПК-2 10/100пФ (Б/У);5;50;0;0;0;;;
КПК-2 25/150пФ;1;100;0;0;0;;;
КПК-2 8/60пФ;1;75;0;0;0;;;
КПК-МТ 2/7пФ;48;25;20;18;0;;;
КПК-МТ 6/25пФ;93;25;20;18;0;;;
КПК-МТ 8/30пФ;92;25;20;18;0;;;
КТ4-23  0,4/4пФ;450;10;8;6;0;;;
КТ4-23  2/7пФ;448;10;8;6;0;;;
КТ4-23 4/15пФ;315;8;6;5;0;;;
КТ4-23 6/25пФ;500;12;10;8;0;;;
КТ4-23 7/30пФ;346;12;10;8;0;;;
КТ4-32  3/60пФ;97;20;15;12;0;;;
КТ4-32  8/80пФ;85;20;15;12;0;;;
CBB-21 1000pF 630V 10%;3982;5;4;3;2,5;(p:10mm);;
CBB-22 2,2mkF 630V 5%;1395;25;20;17;15;(p:20mm);;
CL-11 0,1mkF 400V 5%;178;4;3;2;0;;;
CL-11 4700pF 250V;292;3;2;0,5;0,35;;;
CL-11 6800pF 100V;828;3;2;0,8;0,6;(p:3,5mm);;
CL-21 0,015mkF 400V 10%;185;5;4;3;0;(p:7,5mm);;
CL-21 0,01mkF 250V 10%;169;5;4;3;0;(p: 10mm);;
CL-21 0,01mkF 400V 10%;619;5;4;3;2,5;;;
CL-21 0,01mkF 630V 10%;565;5;4;3;2,8;(p:10mm);CL-21  10%;
CL-21 0,022mkF 250V 10%;205;3;2;1,4;1,1;;TL  10%;Samwha
CL-21 0,022mkF 400V 10%;146;6;5;3,5;0;;CL-21  10%;
CL-21 0,022mkF 630V 10%;991;6;5;3,5;0;(p:10mm);CL-21  10%;
CL-21 0,047mkF 250V 10%;527;5;4;3;2,6;;CL-21  10%;  импорт
CL-21 0,047mkF 400V 10%;341;5;4;3;0;;CL-21  10%;
CL-21 0,047mkF 630V 10%;251;6;5;3,5;0;p:10mm;;
CL-21 0,15mkF 400V 10%;245;6;5;3,7;0;;;
CL-21 0,1mkF 250V 10%;242;5;4;3;2,8;p:10mm;CL-21  10%/TL;
CL-21 0,1mkF 400V 10%;796;6;5;3,7;3,5;p:10mm;CL-21  10%;
CL-21 0,1mkF 630V 10% (CBB-21);579;6;5;3,6;0;17x5,3x12mm p:15mm;CL-21  10%;
CL-21 0,22mkF 250V 10%;18;5;4;3;0;p: 10/15mm;CL-21;
CL-21 0,22mkF 400V 10%;13;5;4;3,5;0;p: 15mm;;
CL-21 0,22mkF 630V 10%;849;8;6;5;0;p:20mm;CL-21;Samwha  TL
CL-21 0,33mkF 250V 10%;675;8;6;5;0;p:15mm;;
CL-21 0,33mkF 400V 10%;130;7;5;4,5;0;p:15mm;;
CL-21 0,47mkF 400V 10%;86;8;6;5;0;p:20mm;;
CL-21 0,47mkF 630V 10%;490;12;10;7,5;0;22x9x16mm (20mm);CL-21  10%;
CL-21 0,47mkF 63V 10%;29;6;5;4;0;p:10mm;;
CL-21 1,0mkF 100V 10%;507;8;6;4,5;0;p:15mm;;
CL-21 1,0mkF 250V 10%;486;10;8;5,5;0;p:15mm;;
CL-21 1,0mkF 400V 10%;263;14;12;8;0;;CL-21  10%;
CL-21 1,0mkF 630V 10%;11;15;12;9;0;(p:27,5mm);;
CL-21 1,0mkF 63V 10%;472;6;5;4;0;;;
CL-21 1,5mkF 400V 10%;249;15;12;10;0;;;
CL-21 10mkF 250V 10%;246;50;40;30;0;;;
CL-21 2,2mkF 100V 10%;203;15;12;8;0;;;
CL-21 2,2mkF 250V 10%;213;12;10;7,5;0;;;
CL-21 2,2mkF 400V 10%;30;20;18;15;0;31,5x17x10mm;CL-21  10%;
CL-21 2,2mkF 630V 10%;171;25;20;17;0;32,5x19x10mm;CL-21  10%;
CL-21 3,3mkF 250V 10%;114;20;18;15;0;(22,5/31mm);;
CL-21 3,3mkF 400V 10%;71;25;20;20;0;(p:31mm);;
CL-21 3,3mkF 630V 10%;4;30;25;22;0;p:31mm;;
CL-21 4,7mkF 100V 10%;14;20;18;16;0;32x16x9mm;CL-21  10%;  импорт
CL-21 4,7mkF 250V 10%;91;25;20;18;0;;;
CL-21 6,8mkF 250V 10%;79;50;40;0;0;;;
CL-21X  2,2nF 63V 5% (mini);430;5;4;3;0;p:5mm;;
CL-21X  6,8nF 63V 5% (mini);488;5;4;3;0;p:5mm;;
CL-21X  8,2nF 63V 5% (mini);474;5;4;3;0;p:5mm;;
CL-21X 0,022mkF 63V (mini);22;5;4;3;0;;CL-21x mini;
CL-21X 0,027mkF 100V (mini);914;5;4;3;2,5;5% p:5mm;;
CL-21X 0,15mkF 63V (mini);684;5;4;3;2,5;;CL-21x mini;
CL-21X 0,1mkF 63V (mini);6;5;4;3;2,5;;CL-21x mini;
CL-21X-B 0,15mkF 63V 5% (mini-box);13;5;4;3;0;P:5mm;;
CL-21X-B 33nF 100V 10% (mini-box);277;6;5;3,5;0;p:5mm;;
CL-21X-B 6,8nF 100V 5% (mini-box);371;6;5;3,5;0;p:5mm;;
CL-23B  10nF 100V 5% (mini-box);1550;6;5;3,5;3,2;p:5mm;;
CL-23B  22nF 100V 5% (mini-box);2318;6;5;3,5;3,2;p:5mm;;
CL-23B  47nF 100V 5% (mini-box);1153;6;5;3,5;3,2;p:5mm;;
CL-23B 0,15mkF 100V 5% (mini-box) (Samwha-EB);605;6;5;3,5;0;p:5mm;;
CL-23B 0,22mkF 100V (mini-box);1885;6;5;3,5;3,2;p:5mm;;
CL-23B 0,33mkF 100V 10% (mini-box);635;6;5;4;3,6;p:5mm;;
CL-23B 0,47mkF 100V 10% (mini-box);740;8;6;5;4,5;p:5mm;;
К73-17 0,033mkF х 400в;691;4;3;2;1,5;;К73-17, 10%;
К73-17 0,068мкФ 630В 5%;217;5;4;3;0;;;
К73-17 0,15мкФ х 250в;1785;4;3;2,5;2;;К73-17пк,5,10%;
К73-17 0,1мкФ 250В;159;5;4;3;0;;;
К73-17 0,68мкФ х 250в;1779;5;4;3;2,5;;К73-17, 5%,10%;
К73-17в 0,047мкФ х 400В 10%;902;4;3;2;1,5;;;
К73-17в 1,5mkF x 160в 5%;118;12;10;8,5;0;;;
К73-24 4700пФ 100В;139;4;3;2;0;;;
К73-5 0,033mkF х 250в 20%;323;3;2;1;0,5;;К73-5, 20%;  красные
CBB81 0,1mkF 1000V 10%;150;50;45;0;0;;;
CBB81 1000pF 1000V 5%;423;6;5;4;0;p:15mm;;
CBB81 3300pF 1600V;1931;6;5;4;3;;;
CBB81 6800pF 2000V;498;10;8;5;0;;;
К78-2 1600В 4700пФ;42;10;8;0;0;;;
К78-27 1600В 0,15мкФ 10%;132;50;40;30;0;d22x58mm;;
Class-X2   1000pF 275VAC 10% MKP;600;6;5;4;0;13x11x5mm (p=10);;
Class-X2  0,01mkF 280VAC 10% MKP;143;8;6;4;0;;;  polyprop,Class X2-MKP
Class-X2 0,015mkF 280VAC 10% MKP;497;8;6;4;0;13x11x5mm;;  polyprop,Class X2-MKP
Class-X2 0,022mkF 280VAC 10% MKP;382;8;6;4;0;;;  polyprop,Class X2-MKP
Class-X2 0,033mkF 280VAC 10% MKP;500;8;6;4;0;12x11x5mm P:10mm;;
Class-X2 0,047mkF 275VAC 10% MKP;200;8;6;4;0;p: 15mm;;  polyprop,Class X2-MKP
Class-X2 0,068mkF 280VAC 10% MKP;262;8;6;4;0;p: 15mm;;  polyprop,Class X2-MKP
Class-X2 0,15mkF 275VAC  10% MKP;226;10;8;6;0;18х14x8mm;;  polyprop,Class X2-MKP
Class-X2 0,1mkF 280VAC  10% MKP;682;8;6;4;0;13x12x6mm (p:10mm);;  polyprop,Class X2-MKP
Class-X2 0,22mkF 275VAC  10% MKP;191;10;8;6,5;0;26x15x22mm;;  polyprop,Class X2-MKP
Class-X2 0,33mkF 275VAC  10% MKP;85;12;10;8,5;0;27x17x8mm;;  polyprop,Class X2-MKP
Class-X2 0,47mkF 280VAC  10% MKP;89;15;13;10;0;P:15mm;;  polyprop,Class X2-MKP
Class-X2 0,68mkF 280VAC  10% MKP;166;20;15;12,5;0;18x21x12mm (p:15mm);;  polyprop,Class X2-MKP
Class-X2 1,0mkF 275(310)VAC 10% MKP;154;25;20;18;0;31x11x20mm;;  polyprop,Class X2-MKP
Class-X2 1,5mkF 275VAC  10% MKP;70;50;40;35;0;;;  polyprop,Class X2-MKP
Class-X2 2,2mkF 275(280)VAC 10% MKP;38;50;40;35;0;31x14x25mm;;  polyprop,Class X2-MKP
CBB-20 0,033mkF 630V 5% (полипропилен);302;15;12;10;0;d7x15mm;;
CBB-20 0,047mkF 630V 5% (полипропилен);370;15;13;11;0;d7x15mm;;
CBB-20 0,068mkF 630V 5% (полипропилен);391;15;12;10;0;d7x15mm;;
CBB-20 0,15mkF 630V 5% (полипропилен);469;20;15;12;0;;;
CBB-20 0,1mkF 630V 5% (полипропилен);65;20;15;11;0;d7x15mm;;
CBB-20 0,22mkF 400V 5% (полипропилен);48;20;15;11;0;;;
CBB-20 0,22mkF 630V 5% (полипропилен);173;20;15;12;0;d8x25mm;;
CBB-20 0,33mkF 630V 5% (полипропилен);128;20;15;12;0;d9,5x20mm;;
CBB-20 0,47mkF 630V 5% (полипропилен);300;25;20;14;0;d11x20mm;;
CBB-20 0,68mkF 630V 5% (полипропилен);134;25;20;15;0;d11x25mm;;
CBB-20 1,0mkF 400V 5% (полипропилен);175;25;20;17;0;d9,5x20mm;;
CBB-20 1,0mkF 630V 5% (полипропилен);41;30;25;20;0;d13,5x25mm;;
CL-20 6,8mkF 250V 10%(Hitano MET685K2EB);86;50;40;0;0;d17x45mm;;
К71-4 250В 0,82мкФ 5%;1;30;25;0;0;"""5"" d20x48mm";;
К71-4в 250В 0,033мкФ 5%;30;20;15;0;0;"""5""";;
К71-5 160В 0,047мкФ 2-5%;2;12;10;0;0;"""5""";;
К71-5 160В 0,068мкФ (2..10%);112;12;10;8;0;"""5""";;
К71-7 250В 0,022мкФ 1,0%;257;15;12;10;0;;;
К71-7 250В 0,0363мкФ 0,5%;41;15;12;10;0;"""5""";;
К71-7 250В 0,0486мкФ 5%;2;15;12;10;0;"""5""";;
К71-7 250В 0,05мкФ 0,5%;6004;15;12;10;7;;;
К71-7 250В 0,069мкФ 0,5..10%;158;15;12;10;0;"""5""";;полистирольные
К71-7 250В 0,072мкФ 1%;316;15;12;10;0;;;
К71-7 250В 0,15мкФ (0,5-1%);8197;20;18;15;12;;;
К71-7 250В 0,1мкФ 0,5%;135;25;20;20;0;;;
К71-7 250В 0,2525мкФ 0,5%;309;30;25;23;0;;;
К71-7 250В 0,301мкФ 1%;3;30;25;0;0;"""5""";;
К71-7 250В 0,35мкФ 0,5%;10;35;30;0;0;"""5""";;
К71-7 250В 0,3мкФ 0.5%;28;35;30;0;0;;;
К71-7 250В 0,402мкФ 0,5%;4;35;30;0;0;;;
К71-7 250В 1000пФ 1%;169;15;12;10;0;;;
К71-7 250В 1200пФ 1%;274;15;12;10;0;;;
К71-7 250В 1330пФ 1%;205;15;12;10;0;;;
К71-7 250В 1500пФ 1%;715;15;12;10;0;;;
К71-7 250В 1700пФ;14;15;12;0;0;;;
К71-7 250В 2000пФ 1%;320;15;12;10;0;;;
К71-7 250В 2180пФ 1%;542;15;12;10;0;"""5""";;
К71-7 250В 2200пФ 1%;1000;15;12;10;0;;;
К71-7 250В 2700пФ 1%;394;15;12;10;0;;;
К71-7 250В 3000пФ 5%;7;15;12;10;0;;;
К71-7 250В 3740пФ 5%;57;15;12;10;0;;;
К71-7 250В 4070пФ 1%;132;15;12;10;0;"""5""";;
К71-7 250В 4700пФ 1-2%;96;15;12;10;0;;;
К71-7 250В 5200пФ 0,5(1)%;590;15;12;10;0;;;
К71-7 250В 6000пФ 0,5..2%;420;15;12;10;0;"""5""";;
К71-7 250В 7075пФ 5%;1;15;12;10;0;;;
К71-7 250В 7500пФ 5%;50;15;12;10;0;;;
К71-7 250В 7600пФ 0,5(1)%;89;15;12;10;0;;;
К71-7 250В 8200пФ 5%;2746;15;12;10;0;;;
К73-11  63В 2,2мкФ 10%;149;10;8;6;0;;;
К73-11 250В 0,068мкФ 10%;8;6;5;4;0;;;
К73-11 250В 0,47мкФ 10%;192;10;8;6;0;;;
К73-11 250В 1,2мкФ 10% (К73-11А);489;12;10;8;0;;;
К73-11 250В 1,5мкФ 20%;394;12;10;8;0;;;
К73-11 250В 2,2мкФ (10-20)%;923;15;12;10;0;;;
К73-11 400В 0,22мкФ ?%;238;10;8;6;0;;;
К73-11 630В  2700пФ 5%;1136;10;8;6;0;;;
К73-11 630В  3900пФ 10%;1000;10;8;6;0;;;
К73-11 630В  6800пФ 10%;192;10;8;6;0;;;
К73-11 630В 0,01мкФ 10%;180;10;8;6;0;;;
К73-11 630В 0,22мкФ 10%;311;12;10;8;0;;;
К73-14 4КВ 0,1мкФ 5%;3;100;85;0;0;;;
К73-15 400В 0,068мкФ 5%;22;10;8;0;0;d12x34mm;;
К73-15 400В 0,1мкФ 10%;139;15;12;10;0;;;
К73-15В 400В 0,15мкФ 20%;1;15;12;0;0;d14x43mm;;
К73-16  63В 0,12мкФ 5%;45;10;8;6,5;0;;;
К73-16  63В 0,15мкФ 5%;103;12;10;8;0;"""5'";(К73-16В);
К73-16  63В 0,1мкФ 10%;267;10;8;7;0;;(К73-16В);
К73-16  63В 0,22мкФ 5%;134;10;8;6;0;;(К73-16В);
К73-16  63В 0,27мкФ 5%;115;10;8;0;0;"""5""";(К73-16В);
К73-16  63в 0,33мкФ 5-10%;34;10;8;0;0;"""5""";;
К73-16  63в 0,39мкФ 5%;104;10;8;6;0;"""5""";;
К73-16  63В 0,47мкФ 5%;1223;10;8;6,5;0;;(К73-16А);
К73-16  63В 0,56мкФ 5%;29;10;8;0;0;;;
К73-16  63В 0,68мкФ 5%;344;12;10;8;0;;(К73-16А);
К73-16  63В 1,0мкФ 5-10%;1044;15;12;10;0;;(К73-16(А,В));
К73-16  63В 1,2мкФ 10%;39;15;12;10;0;"""5""";;
К73-16  63В 1,5мкФ 5(10)%;408;15;12;10;0;"""5""";(К73-16В);
К73-16  63В 1,8мкФ 5%;101;15;12;10;0;;;
К73-16  63в 10мкФ 5(10)%;246;40;30;25;0;;(К73-16В);
К73-16  63в 12мкФ 10%;100;40;30;25;0;"""5""";;
К73-16  63в 15мкФ 5%;213;60;50;0;0;"В/Э/""5""";;
К73-16  63в 18мкФ 10%;74;80;65;0;0;;;
К73-16  63В 2,2мкФ 5(10)%;405;20;15;10;0;;(К73-16В);
К73-16  63в 22мкФ 5-10%;75;150;120;0;0;;(К73-16В);
К73-16  63В 3,9мкФ 5%;40;20;15;0;0;ОС;;
К73-16  63В 6,8мкФ 10%;19;25;20;0;0;;;
К73-16  63В 8,2мкФ 5%;1;30;25;20;0;"""5""";;
К73-16 100В 0,15мкФ 5%;355;15;12;10;0;;(К73-16В);
К73-16 100В 0,1мкФ 20%;186;15;12;10;0;ОС;(К73-16В);
К73-16 100В 0,22мкФ 10%;96;15;12;10;0;;;
К73-16 100В 0,33мкФ 5%;106;15;12;10;0;;(К73-16В);
К73-16 100В 0,47мкФ 5%;103;15;12;10;0;;(К73-16В);
К73-16 100В 0,56мкФ 5%;98;15;12;10;0;;;
К73-16 100В 0,68мкФ 10%;312;15;12;10;0;;;
К73-16 100В 1,0мкФ 5%;115;20;15;0;0;;;
К73-16 100В 1,5мкФ 5%;31;20;15;0;0;"""5""";(К73-16В);
К73-16 100В 2,7мкФ 5%;90;20;15;0;0;;(К73-16В);
К73-16 100В 3,3мкФ 5%;56;25;20;15;0;;;
К73-16 100В 4,7мкФ 5%;99;30;25;20;0;"""5"" ОС";(К73-16В);
К73-16 100В 6,8мкФ 5%;3;30;25;0;0;;;
К73-16 160В 0,047мкФ 5%;66;12;10;8;0;;;
К73-16 160В 0,082мкФ 5%;48;12;10;8;0;;;
К73-16 160В 0,15мкФ (5..20%);232;12;10;8;0;;;
К73-16 160В 0,1мкФ (5..20)%;145;12;10;8;0;"""5""";(К73-16В);
К73-16 160В 0,22мкФ 5%;20;15;12;0;0;;;
К73-16 160В 0,47мкФ 10%;93;15;12;10;0;;;
К73-16 160В 1,5мкФ 5%;61;25;20;15;0;;;
К73-16 160В 2,2мкФ 10%;48;25;20;17;0;"""5"" ОС";(К73-16В);
К73-16 160В 2,7мкФ 20%;128;30;25;20;0;"""В, 5""";;
К73-16 160В 3,9мкФ 5-10%;60;30;25;0;0;;(К73-16В);
К73-16 160В 4,7мкФ 5%;43;40;35;0;0;"""5""";(К73-16В);
К73-16 250В 0,047мкФ 5-10%;80;12;10;8;0;"""5""";;
К73-16 250В 0,068мкФ;229;15;12;10;0;;;
К73-16 250В 0,082мкФ 5%;12;15;12;0;0;;;
К73-16 250В 0,15мкФ 5%;64;15;12;10;0;"""ОС""";;
К73-16 250В 0,1мкФ 10( 5)%;138;15;12;10;0;;;
К73-16 250В 0,22мкФ 20%;381;20;15;12;0;"""5""";(К73-16В);
К73-16 250В 0,33мкФ 5%;22;20;15;0;0;;;
К73-16 250В 0,47мкФ 10%;78;20;15;0;0;;(К73-16В);
К73-16 250В 0,56мкФ 5(10)%;15;20;15;0;0;;;
К73-16 250В 0,68мкФ 5%;84;20;15;0;0;;;
К73-16 250В 0,82мкФ 5%;25;20;15;12;0;;(К73-16В);
К73-16 250В 1,0мкФ 5%;60;25;20;0;0;;(К73-16В);
К73-16 250в 10мкФ 10%;88;120;100;90;0;;;
К73-16 250В 2,2мкФ 5%;3;30;25;20;0;;(К73-16В);
К73-16 250В 3,3мкФ 10%;324;40;30;25;0;;;
К73-16 250В 3,9мкФ 5-10%;127;40;30;27;0;;;
К73-16 250в 6,8мкФ 5..10%;66;50;40;0;0;;;
К73-16 400В 0,0047мкФ ?% (4700пФ);180;20;15;12;0;"""5""";;
К73-16 400В 0,047мкФ 5%;232;12;10;8;0;"""5""";(К73-16В);
К73-16 400В 0,068мкФ 5%;102;12;10;0;0;;;
К73-16 400В 0,15мкФ 5-10%;299;20;17;0;0;;;
К73-16 400В 0,33мкФ 5%;16;30;0;0;0;;(К73-16В);
К73-16 400В 0,68мкФ 5%;195;20;15;12;0;;;
К73-16 400В 1,0мкФ 5(10)%;318;40;35;30;0;"""5""";(К73-16В);
К73-16 630В 0,047мкФ 5%;10;15;12;10;0;;(К73-16В);
К73-16 630В 0,056мкФ 5-10%;130;15;12;10;0;;;
К73-16 630В 0,068мкФ 5%;1020;15;12;10;8;;;
К73-16 630В 0,15мкФ 5%;56;15;12;10;0;;;
К73-16 630В 0,1мкФ (5..10%);569;15;12;10;0;;(К73-16В);
К73-16 630В 0,47мкФ (5..10%);81;30;25;0;0;;;
К73-16_1000В 0,047мкФ 5%;162;15;12;10;0;;;
К73-16_1600В 0,0047мкФ 5% (4700пФ);2;12;10;8;0;"""5""";(К73-16В);
К73-16_1600В 0,01мкФ 10%;99;12;10;0;0;;;
К73-16_1600В 0,047мкФ 5%;143;12;10;8;0;;(К73-16В);
К75-10 250В 0,22мкФ;1;50;0;0;0;;;
К75-10 250В 1,5мкФ 5%;55;80;65;0;0;d28x55mm;;С комбинированным диэлектриком
К75-10 250В 3,3мкФ 10%;1;50;0;0;0;;;
К75-10 500В 0,47мкФ 10%;8;80;65;0;0;;;
К75-24 400В 0,22мкФ 10%;5;10;0;0;0;;;
К75-72 2100В 1,0мкФ 4%;8;400;350;0;0;d40x100mm;;
К77-1 100В 0,15мкФ 10%;18;20;15;0;0;;;
К77-1 100В 0,18мкФ 5%;48;20;15;0;0;;;Поликарбонатные
К77-1 100В 3,3мкФ 10%;4;40;30;25;0;;;
К77-1 200В 0,033мкФ 5%;30;20;15;0;0;;;
К77-1 400В 0,01мкФ 20%;60;20;15;0;0;;;
К77-1 400В 2700пФ 5%;16;20;15;0;0;;;
К77-1 400в 3300пФ 5%;51;20;15;0;0;;;Поликарбонатные
К77-1 63В 0,22мкФ 5%;22;20;15;0;0;;;
ФТ-1 600В 2200пФ 10%;48;50;40;35;0;"""5""";;
CBB60  1,5mkF х 400VAC  50Hz 5%;88;65;55;46;0;30x57mm;;  CBB-60L
CBB60  2,0mkF х 450VAC  50Hz 5%;9;70;55;0;0;26x40mm;;  CBB-60
CBB60  2,5mkF x 450VAC 50Hz 5%;7;75;50;0;0;;;
CBB60  3,0mkF х 400VAC  50Hz 5%;9;80;65;0;0;30x45mm;;  CBB-60, CBB-60L
CBB60  3,5mkF х 450VAC  50Hz 5%;8;80;70;0;0;28x55mm;;  CBB-60
CBB60  4,0mkF x 450VAC 50Hz 5% (гибк.выводы+Болт);5;100;85;0;0;30x57(50)mm;;
CBB60  5,0mkF х 450VAC  50Hz 5% (гибк.выводы);5;100;85;0;0;30x57mm;;  CBB-60, CBB-60L
CBB60  6,0mkF х 450VAC  50Hz 5%;9;120;100;0;0;35x60mm;;  CBB-60, CBB-60L
CBB60  7,0mkF х 450VAC  50Hz 5% (гибк.выводы);1;120;100;0;0;30x50mm;;
CBB60  8,0mkF х 450VAC  50Hz 5% (гибк.выводы);3;120;100;0;0;35x60mm;;  CBB-60, CBB-60L
CBB60 15mkF х 450VAC  50Hz 5%;3;150;130;0;0;37*70mm;;  CBB-65
CBB60 16mkF х 450VAC  50Hz 5% (клеммы+болт);1;160;140;0;0;40x70mm;;
CBB60 20mkF х 450VAC  50Hz 5% (гибк.выводы+болт);2;200;175;0;0;40x70mm;;  CBB-60, CBB-60L
CBB60 25mkF х 450VAC  50Hz 5%  (гибк.выводы+болт);1;250;200;0;0;40x70mm;;  CBB-60, CBB-65
CBB60 30mkF х 450VAC  50Hz 5% (клеммы+болт);1;280;250;0;0;d45x95mm;;  CBB-60L
CBB60 35mkF х 450VAC  50Hz 5% (болт);1;280;250;0;0;d45x95mm;;  CBB-60L (болт/клеммы)
CBB60 40mkF х 450VAC  50Hz 5%  (гибк.выв.+болт);2;300;250;0;0;d50x106mm;;  CBB-65,CBB-60L(болт)
CBB60 45mkF х 450VAC  50Hz 5%;4;300;250;0;0;50x106mm;;  CBB-60, CBB-60L(болт)
CBB60 50mkF х 450VAC  50Hz 5%;3;400;350;0;0;47x110mm;;  CBB-60, CBB-65
CBB60 60mkF х 450VAC  50Hz 5%;3;450;0;0;0;60x100mm;;  CBB-60
CBB60 70mkF х 450VAC  50Hz 5%;1;400;0;0;0;;;  CBB-60
CBB60 80mkF х 450VAC  50Hz 5%;2;470;0;0;0;65x100mm;;  CBB-60
CBB60 85mkF х 450VAC  50Hz 5%;2;400;0;0;0;;;  CBB-65
CBB60 90mkF х 450VAC  50Hz 5%;2;500;0;0;0;60x120мм;;  CBB-65
CBB60_100mkF х 450VAC 50Hz 5%;3;550;500;0;0;55х125мм;;  CBB-60
CBB60_120mkF х 450VAC 50Hz 5%;2;900;750;0;0;60x130mm;;  CBB-60 клеммы
CBB61 30mkF x 630VAC 50Hz 5%;1;250;0;0;0;58x44x25mm;;
К78-98 2,5mkF x 400VAC 50Hz 5% (вариант 9, с проводами);70;50;40;0;0;(25х55мм);;
CD60   50mkF x 300VAC;12;250;0;0;0;34x80mm;;
CD60 1000mkF x 300VAC;4;800;700;0;0;50x110mm;;JYUL
CD60 100mkF x 300VAC;6;250;200;0;0;;;
CD60 1500mkF x 300VAC;1;750;500;0;0;;;JYUL
CD60 150mkF x 300VAC;3;300;250;0;0;45x90mm;;
CD60 200mkF x 300VAC;3;300;250;0;0;50x95mm;;
CD60 250mkF x 300VAC;3;350;300;0;0;50x95mm;;
CD60 300mkF x 300VAC;4;400;350;0;0;50x100mm;;JYUL
CD60 350mkF x 300VAC;4;300;0;0;0;50x100mm;;
CD60 400mkF x 300VAC;8;400;0;0;0;50x100mm;;
CD60 500mkF x 300VAC;4;300;250;0;0;50x100mm;;
CD60 600mkF x 300VAC;5;360;300;0;0;50x100mm;;
CD60 800mkF x 300VAC;4;480;0;0;0;50x100mm;;
К31-11-1 250В 62пФ 5(10)%;443;12;10;8;0;;;
К31-11-1 250В 75пФ 10%;85;12;10;8;0;;;
К31-11-1В 250В 51пФ 20%;46;12;10;8;0;;;
К31-11-1В 250В 56пФ 5%;90;12;10;8;0;;;
К31-11-1В 250В 82пФ 5(10)%;222;12;10;8;0;;;
К31-11-1г 250В 100пФ 10%;388;12;10;8;0;;;
К31-11-1г 250В 120пФ 10(20)%;255;12;10;8;0;;;
К31-11-1г 250В 130пФ 20%;174;12;10;8;0;;;
К31-11-1г 250В 150пФ 10%;172;12;10;8;0;;;
К31-11-1г 250В 160пФ 2(5)%;102;12;10;8;0;;;
К31-11-1г 250В 180пФ 5(10)%;248;12;10;8;0;;;
К31-11-1г 250В 200пФ 5%;176;12;10;8;0;;;
К31-11-1г 250В 470пФ 5-10%;702;12;10;8;0;;;
К31-11-2Г 500В 270пФ 5%;486;15;12;9;0;;;
К31-11-2Г 500В 910пФ 10(2,5)%;790;15;12;9;0;;;
К31-11-3Г 500В 0,01мкФ 5%;1589;15;12;9;0;;;
К31-11-3Г 500В 2000пФ 5%;367;15;12;9;0;;;
К31-11-3Г 500В 2700пФ 5(10)%;117;15;12;9;0;;;
К31-11-3Г 500В 3300пФ 2(20)%;410;15;12;9;0;;;
К31-11-3Г 500В 3600пФ 2(20)% (В);539;15;12;9;0;;;
К31-11-3Г 500В 3900пФ 5%;470;15;12;9;0;;;
К31-11-3Г 500В 4700пФ 10%;881;15;12;9;0;;;
К31-11-3Г 500В 5100пФ 2%;178;15;12;9;0;;;
К31-11-3Г 500В 6200пФ 5%;2;15;12;9;0;;;
К31-11-3Г 500В 6800пФ 2%;984;15;12;9;0;;;
К31-11-3Г 500В 750пФ 10%;1;15;12;9;0;;;
КСГ-2-А-Г 500В 0,068мкФ 5%;110;70;60;50;0;;;
КСО-1Г 250в 120пФ 2%;227;12;10;7;0;;;
КСО-1г 250в 680пФ 5%;4;12;10;0;0;"""5""";;
СГМ-3 1000В 3000пФ 10%;695;20;15;12;0;;;
СГМ-3 1600В 150пФ 10%;159;20;15;12;0;;;
СГМ-3 1600В 180пФ 10%;250;20;15;12;0;;;
СГМ-3 1600В 200пФ 10%;247;20;15;12;0;;;
СГМ-3 1600В 220пФ 10%;133;20;15;12;0;;;
СГМ-3 1600В 240пФ 10%;714;20;15;12;0;;;
СГМ-3 1600В 270пФ 10%;240;20;15;12;0;;;
СГМ-3 1600В 330пФ 10%;155;20;15;12;0;;;
СГМ-3 1600В 390пФ 10%;408;20;15;12;0;;;
СГМ-3 500В 220пФ 10%;261;20;15;12;0;"""5""";;
СГМ-3 500В 2700пФ 10%;1;20;15;12;0;"""5""";;
СГМ-3 500В 270пФ 10%;2;20;15;12;0;"""5""";;
СГМ-3А 350В 775пФ 5%;50;20;15;12;0;;;
ССГ-1 350В  9895пФ 0,5%;144;60;50;45;0;;;
"ССГ-1 350В 18700пФ 0.5% ""5""";22;70;60;0;0;;;
"ССГ-1 350В 19900пФ 1,0% ""5""";6;80;0;0;0;;;
ССГ-1 350В 75000пФ 0,3%;2;100;85;0;0;"""5""";;
К21-7  150пФ 50В 10%;90;10;8;6;0;;;
К21-7  390пФ 50В 10%;60;10;8;0;0;"""5""";;
К21-7  680пФ 50В 10%;100;10;8;6;0;;;
К21-7  750пФ 50В 10%;38;10;8;0;0;;;
К21-7  820пФ 50В 10%;25;10;8;0;0;;;
К21-7  910пФ 50В 5%;303;10;8;6;0;;;
К21-7 1000пФ 50В 10..20%;122;10;8;6;0;"""5""";;
К21-7 2200пФ 50В;73;10;8;0;0;;;
К21-7 2700пФ 50В 10%;120;10;8;6;0;"""5""";;
К21-7 3900пФ 50В 10%;70;10;8;0;0;"""5""";;
К21-9-11в 10пФ П33 5% 250в;290;15;12;10;0;"""5"" (smd)";;
К21-9-11в 12пФ П33 5% 250в;280;15;12;10;0,8;"""5"" (smd)";;
К21-9-11в 18пФ М47 5% 250в;280;15;12;10;0;"""5"" (smd)";;
К21-9-11в 22пФ М47 5% 250в;110;15;12;10;0;"""5"" (smd)";;
К21-9-11в 24пФ М47 5% 250в;137;15;12;10;0;"""5"" (smd)";;
К21-9-11в 27пФ М47 5% 250в;335;15;12;10;0;"""5"" (smd)";;
К21-9-11в 30пФ М47 5% 250в;331;15;12;10;0;"""5"" (smd)";;
К21-9-11в 33пФ М47 5% 250в;316;15;12;10;0;"""5"" (smd)";;
К21-9-11в 39пФ М47 5% 250в;296;15;12;10;0;"""5"" (smd)";;
К21-9-11в 47пФ М47 5% 250в;31;15;12;10;0;"""5"" (smd)";;
К21-9-11в 56пФ М47 5% 250в;290;15;12;10;0;"""5"" (smd)";;
К21-9-11в 62пФ М47 5% 250в;430;15;12;10;0;"""5"" (smd)";;
К21-9-11в 68пФ М47 5% 250в;329;15;12;10;0;"""5"" (smd)";;
К21-9-11в 75пФ М47 5% 250в;281;15;12;10;0;"""5"" (smd)";;
К21-9-11в 91пФ М47 5% 250в;312;15;12;10;0;"""5"" (smd)";;
К21-9-11в_100пФ М47 5% 250в;267;15;12;10;0;"""5"" (smd)";;
КС-1А 100пФ 500в 5% МП0;98;15;12;10;0;"""5""";;
К53-14 30В 10мкФ;349;5;4;3,5;0;;;
К53-19  6,8мкФ 3,2в 20%;832;2;1,5;1;0;;;
"""A""  0,47mkF х 35V";1371;4;3;2;1,6;case A;"""A""";Samsung  TCSCS1V474MAAR
"""A""  1,0mkF x 25V";528;4;3;2;1,6;case A;"""A""";0,2
"""A""  1,5mkF x 25V";443;4;3;2;1,6;case A;"""A""";Samsung  TCSCS1E155MAAR
"""A""  10mkF х 16V";669;10;8;6;0;case A;"""A""";0,2
"""A""  2,2mkF x 16V";1980;10;8;6;5;case A;"""A""";
"""A""  2,2mkF х 25V";324;4;3;2;0;case A;"""A""";Samsung  TCSCS1E225MAAR
"""A""  4,7mkF х 16V";1089;4;3;2;1,6;case A;"""A""";
"""A""  4,7mkF х 6,3V";232;4;3;2;1,6;case A;"""A""";Samsung  TCSCS0J475MAAR
"""A""  6,8mkF х 6,3V";672;4;3;2;1,6;case A;"""A""";
"""B""  100mkF x 4V";238;5;4;3;2,5;case B;"""B""";Samsung  TCSCS0G107MBAR
"""B""  22mkF x 6,3V";25;5;4;3;2,4;case B;"""B""";
"""B""  33mkF x 4V";1510;4;3;2,5;2;case B;"""B""";Samsung  TCSCS0G336MBAR
"""B""  4,7mkF x 25V";729;5;4;3;2,4;case B;"""B""";0,2
"""C""  22mkF x 16V";364;8;6;4,2;0;case C;"""C""";
"""C""  33mkF x 10V";179;8;6;4,2;0;case C;"""C""";Samsung  TCSCS1A336MCAR
"""C""  4,7mkF x 25V";220;8;6;4,2;0;case C;"""C""";Samsung  TCSCN1E475MCAR
"""C""  6,8mkF x 25V";12;8;6;0;0;case C;"""C""";Переучесть
"""D""  100mkF x 16V";1325;25;20;18;0;case D;"""D""";AVX  TAJD107K0116RNJ
"""D""  10mkF x 35V";95;10;8;6,5;6;case D;"""D""";Samsung  TCSC_1V106MDAR
"""D""  150mkF x 10V";628;25;20;15;0;case D;"""D""";Samsung  TCSCS1A157MDAR
"""D""  220mkF x 16V";55;40;35;30;0;case D;"""D""";0,2
"""D""  22mkF x 20V";320;10;8;6,5;0;case D;"""D""";Samsung  TCSCS1E226MDAR
"""D""  33mkF x 16V";320;10;8;6,5;6;case D;"""D""";Samsung  TCSCS1D336MDAR
"""D""  33mkF x 20V";22;10;8;6,5;6;case D;"""D""";Samsung  TCSCS1D336MDAR
"""D""  4,7mkF x 35V";226;10;8;6,5;6;case D;"""D""";Samsung  TCSCN1V475MDAR
"""D""  47mkF x 16(20)V";507;20;18;15;0;case D;"""D""";Samsung  TCSCE1C476MDAR
"""D""  6,8mkF x 35V";152;10;8;6,5;6;case D;"""D""";Samsung  TCSCN1V685MDAR
"""D"" 15mkF x 25V";427;10;8;6,5;0;case D;"""D""";Samsung  TCSCS1E156MDAR
"""D"" 15mkF x 35V 20%";415;12;10;8;0;case D;;
10000mkF 100V +85С (Samwha-HC);4;650;0;0;0;40x60mm;+85C;
10000mkF 16V +105C (Samwha-RD);36;100;90;0;0;18x35mm;+105C;
10000mkF 25V +105C (Samwha-RD);27;150;130;0;0;18x40mm;+105C;Samwha
10000mkF 35V +85C (Samwha- HC);19;170;150;0;0;25x40mm;;
"10000mkF 50V (Samwha-AM ""For Audio"")";9;450;400;0;0;35x60mm;;
10000mkF 50V +85C (Samwha-HJ);14;300;250;0;0;(30x45mm)/(25x50mm);+85C;Samwha  HC
10000mkF 63V +85C (Samwha-HC);21;450;400;0;0;30x50mm;;
"10000mkF 63V +85С (Samwha-AM ""For Audio"")";3;500;450;0;0;35x60mm;+85C;Samwha
10000mkF 80V +85С (Jamicon-LS/Samwha-HC);7;600;0;0;0;40x50mm;+85C;
1000mkF 100V +105C (Samwha-RD);56;90;80;70;0;18х40mm;+105C;Samwha  серия RD
1000mkF 16V +105C (Samwha-RD);107;10;8;6;0;10x16mm;+105C;
1000mkF 25V +105C (Jamicon, Elna);228;25;20;15;0;10x21mm;+105С;
1000mkF 35V +105C (Samwha-RD);134;25;20;17,5;0;13x21mm;+105С;Samwha  серия RD
1000mkF 35V +105C (YAGEO-SH);1596;10;8;5;4,5;13x25mm;+105С;
1000mkF 400V +85C (Samwha-GT);2;1200;0;0;0;;;
1000mkF 400V +85С (Samwha-HJ);3;800;0;0;0;35х60mm;+85C;
1000mkF 50V +105C (Samwha-RD);123;20;18;16;0;13x25mm;+85C;Samwha  серия RD
1000mkF 63V +105C (Samwha-RD);55;60;50;45;0;16х25mm;+105С;
100mkF 100V +105C (Samwha-RD);79;15;12;9;0;10x20mm;+105C;
100mkF 160V +105C (Samwha-RD);122;20;17;15;0;13x25mm;+105C;
100mkF 16V +105С (Samwha-RD);972;4;3;1,8;1,5;5x11mm;+105С;Samwha  серия RD
100mkF 250V +105С (Jamicon-TKR/Samwha);53;50;45;40;0;16x31mm;+105С;Samwha  серия RD
100mkF 25V +105C (Samwha-RD);636;4;3;2;1,6;6x11mm;+105C;Samwha  серия RD
100mkF 35V +85C (Samwha-SD);490;5;4;2,5;0;6x11mm;+105C;Samwha  серия RD
100mkF 400V +85С (Samwha-HJ);147;125;110;100;0;22x25mm;+85C;Samwha  HC
100mkF 450V +85С (Samwha-HC);16;170;150;0;0;22x35mm;+85C;Samwha
100mkF 50V +105С (Samwha-RD);349;6;5;4;0;8x12mm;+105С;Samwha  серия RD
100mkF 63V  +105C (Samwha-RD);394;8;6;5;4,5;8x12mm;+105C;
10mkF  25V +105C (Chenxing) опт;2000;0;0;1;0,3;5x11;;
10mkF  25V +105C (Samwha-RD);667;5;4;2,5;1,85;5x11mm;+105C;Jamicon,Samwha  серия TKR, RD
10mkF  50V +105C (Samwha-RD);951;5;4;2,5;1,85;5x11mm;+105C;Jamicon  серия TKR
10mkF  63V +105C (Jamicon/Samwha);641;5;4;2,5;1,85;5x11mm;+105C;Samwha  серия RD
10mkF 100V +105C (Samwha-RD/Jamicon-TK);572;5;4;3;2,5;6x11mm;+105C;Samwha
10mkF 160V +105C (Samwha-RD);222;8;6;4,5;0;8x11,5mm;+105C;
10mkF 250V +105C (Samwha-RD);145;12;10;7,5;0;10x12mm;+105C;Samwha  серия RD
10mkF 400V +105C (Samwha-RD);182;18;15;13;0;10x20mm;+105С;Jamicon  серия TKR
10mkF 450V +105C (Samwha-RD);92;25;20;18;0;12x20mm;;
15000mkF 63V +85С (Samwha-HC);8;600;0;0;0;35x50mm;+85C;Samwha  HC
1500mkF 200V +105C (Hitano EHP);1;200;0;0;0;35х50mm;+105C;
1500mkF 35V +105C (Samwha-RD);150;30;25;18;0;;;
150mkF 400V +85C (Samwha-HJ);18;200;175;0;0;22x30mm;+85C;Samwha  HC
150mkF 450V +105C (Samwha-HE/Hitachi-HP);7;200;175;0;0;30x30mm Snap-In;;
150mkF 50V YAGEO +105C (SH050M0150B5S-1012);2000;5;4;2,5;2;10x12mm;;
1800mkF 35V +105C (Yageo);977;15;12;8;5;16x25mm;;
1mkF  50V +105C (Samwha-RD);285;5;4;2,5;1,85;5x11mm;+105C;
1mkF 100V +105C (Samwha-RD);425;5;4;2,5;1,85;5x11mm;+105C;
1mkF 160V +105C;519;5;4;2,5;0;6x11mm;+105C;Jamicon  серия TKR
1mkF 250V +85C;1106;5;4;2,5;2,2;6x11mm;+85C;Jamicon  Jamicon-SKR
1mkF 450V +105C;302;8;6;5;0;8x11mm;+105C;Jamicon  Jamicon-TKR
2,2mkF 100V +105C (Samwha-RD);609;5;4;2,5;1,85;5x11mm;+105C;
2,2mkF 160V +105C (Jamicon-TKR);467;5;4;2,5;0;6x11mm;+105C;Jamicon  серия TKR
2,2mkF 250V +105C;178;6;5;2,5;0;6x11mm;+105C;Jamicon  серия TKR
2,2mkF 450V +105C (Samwha-RD);152;10;8;6,5;0;10x12mm;+105C;
22000mkF 35V +85С (Samwha-HC);6;400;0;0;0;35x40mm, Snap-In;+85C;Samwha  HC
22000mkF 50V +85С  (Jamicon-LP);8;350;300;0;0;35x50mm;+85C;Jamicon  серия LSW
2200mkF 100V (Samwha-HC) +85C;17;280;250;0;0;25x40mm;;
2200mkF 100V +85C PHILIPS;1;300;0;0;0;35x80mm  (Screw);;
2200mkF 16V +105C  (Samwha-RD);194;20;16;12;0;13x21mm;+105C;Samwha  серия RD
2200mkF 25V +105С (Samwha-RD);87;40;35;30;0;13x25mm;+105С;
2200mkF 50V +105C (Hitano-EHR);223;60;50;45;0;25x26mm Snap-In;;
2200mkF 50V Samwha RD/SD;45;50;40;36;0;16x35mm;+105C;
2200mkF 63V +105С (Samwha-RD);61;80;70;60;0;18x35mm;+105С;Samwha  серия RD
220mkF  50V +105C (Samwha-RD);353;12;10;7;0;10x12mm;+105C;Jamicon, Samwha  Jamicon-TK, серия RD
220mkF  63V +105C (Samwha-RD);182;12;10;8,5;0;10x16mm;+105C;
220mkF 100V +105С (Samwha-RD);138;35;30;25;0;13x26mm;+105С;
220mkF 10V +105C (Panasonic EB-A 5000h);778;5;4;3;0;6,3x11mm;EEUEBLA221S;
220mkF 16V +105C (Samwha-RD);672;6;5;3;2,5;6x11mm;+105C;Samwha  серия RD
220mkF 25V  (Capxon/Samwha RD/SD);297;6;5;3,5;3,2;8x12mm;;Samwha
220mkF 35V +105C (Samwha-RD);213;8;6;4,5;0;8x12mm;+105C;
220mkF 400V +85C (Samwha-HC);15;250;200;0;0;25x40mm;+85C;Samwha
220mkF 450V +85C (Samwha-HC);18;300;250;0;0;25x40mm;+85C;
220mkF 500V +85C (Samwha-HC);2;350;450;0;0;30*45mm;;
22mkF  25V +105C (Samwha-RD);383;5;4;2,5;1,85;5x11mm;+105C;Samwha  серия RD
22mkF  50V  +105C (Samwha-RD);40;5;4;2,5;1,85;5x11mm;+105C;  серия RD
22mkF  50V +105C (Chengxing) опт;2000;0;0;1;0,3;5x11mm;;
22mkF  50V +105C (YAGEO);10000;0;0;1;0,5;5x11mm;+105C;
22mkF  63V +105C (Samwha-RD);428;5;4;2,5;1,85;5x11mm;+105C;Jamicon  серия TKR
22mkF 100V +105C;1657;5;4;2,5;1,85;6x11mm;+105C;Jamicon  серия TKR
22mkF 160V +105C;75;6;5;3,5;0;10x16mm;+105C;Jamicon  серия TKR
22mkF 250V +85C;44;10;8;6;0;10x20mm;+85C;  Jamicon, Samwha-GS
22mkF 400V +105C (Samwha-RD);79;40;35;30;0;13x26mm;+85C;
22mkF 450V +105C (Samwha-RD);14;50;40;35;0;16x25mm;+105C;
33000mkF 16V +85С (Jamicon-HS/Samwha-HC);55;250;200;0;0;30x40mm;+85C;Samwha
33000mkF 63V +85С Samwha-GT;2;1350;0;0;0;51x90mm;+85C;Samwha  серия SM (болты)
3300mkF 16V +105C (Samwha-RD);100;15;12;10;0;13x25mm;;
3300mkF 25V +105C (Samwha-RD);34;50;45;40;0;d16x25mm;;
3300mkF 400V (Epcos B43458-A9338-M) демонтаж;2;750;650;0;0;(62x104mm винты);;
3300mkF 400V +85С  (Vishay) демонтаж;18;750;650;0;0;d62x104mm, SKREW;;
3300mkF 50V +105C (Samwha-RD);55;70;60;50;0;18x35mm;+105C;Samwha  серия RD
3300mkF 63V +105C (Samwha-RD);5;100;85;0;0;18x41mm;;
330mkF 100V +85C (Samwha-SD);58;20;18;0;0;13x25mm;;
330mkF 16V  +105С (Jamicon-TKR);81;4;3;2;0;8x12mm;+105С;Jamicon, Samwha
330mkF 25V +85C (Samwha-SD/RD);68;6;5;4;0;8x11mm;;
330mkF 400V +85C (Samwha-HJ);11;400;350;0;0;30x30mm;+85C;
330mkF 450V +105C (Capxon-HP);9;300;0;0;0;35x47mm;;
330mkF 450V +85C (Samwha-HC/HJ);6;450;400;0;0;30x50mm;+85C;Samwha  Samwha-HC
330mkF 50V +105C (Samwha-RD);13;12;10;8;0;10x21mm;+105C;Samwha  серия RD
330mkF 63V +105C (Samwha-RD);174;12;10;8,5;0;10x20mm;+105C;Samwha  серия RD
33mkF 16V +85C,+105C;1096;5;4;2;1,5;5x11mm;+85C,+105C;YAGIO, Hitano
33mkF 400V +105С (Samwha-RD);105;35;30;25;0;13x26mm;+105С;
33mkF 450V +105C (Samwha-RD);74;50;45;0;0;16x25mm;;
4,7mkF 100V +105С (Jamicon/Samwha);1538;5;4;2,5;1,85;5x11mm;+85C;Jamicon, Samwha  серия SD, TKR
4,7mkF 160V +105С;174;5;4;2,5;0;6x12mm;+105С;Jamicon  серия TKR
4,7mkF 250V  +85C;205;8;6;4;0;8x11mm;+85C;  Samwha
4,7mkF 400V +105C (Samwha-RD);131;12;10;8;0;10x18mm;+105C;
4,7mkF 450V +105C (Samwha-RD);11;15;12;10,5;0;10x16mm;+105C;Samwha  серия RD
4,7mkF 50V  +85C (Samwha-SD);197;3;2,5;1,5;1,3;5x11mm;+85C;
4700mkF 100V +85C (Samwha-HC);9;400;400;0;0;30x50mm;+85C;
4700mkF 16V +105С (Samwha-RD);90;55;50;45;0;16x25mm;+105С;Samwha  серия RD
4700mkF 25V +105С (Samwha-RD);81;60;50;0;0;16x32mm;+105С;
4700mkF 35V +105С (Samwha-RD);59;100;85;0;0;18x35mm;+105С;Jamicon, Samwha  серия TKR, RD
4700mkF 50V (Samwha-SD/RD);49;120;100;0;0;18x45mm;;Samwha  серия RD
4700mkF 63V +85C (Samwha-SD/RD);21;150;120;0;0;(30x40mm);;
470mkF 100V +105C (Samwha-RD);12;60;50;40;0;16x25mm;;
470mkF 160V +85C;17;100;85;0;0;22x40mm;;
470mkF 16V +105С (Samwha-RD);223;10;8;5,5;0;8x12mm;+105С;Samwha  серия RD
470mkF 200V +85C (Hitano );31;100;85;0;0;25x30mm;(EETUQ2E471CA);
470mkF 25V +105C (Samwha-RD);109;10;8;6,5;0;10x12mm;+105С;Samwha  серия RD
470mkF 35V +105C (Samwha-RD);244;15;12;9;0;10x16mm;+105C;
470mkF 400V +105C (Panasonic);27;300;250;0;0;35x35mm;;
470mkF 400V +105С (Nippon KMQ);229;300;250;230;0;35х35mm;+105С;
470mkF 450V +105С (Kendeil/SuperTech);41;350;300;0;0;35x55mm;;
470mkF 50V +105С (Samwha-RD);54;25;20;16;0;10x20mm;+105С;Jamicon,Samwha  серия TKR, RD
470mkF 63V +105C (Samwha-RD);134;25;20;18;0;13x20mm;+105C;
470mkF 63V +105C (Teapo) опт-распродажа;300;0;0;6;0;;;
47mkF 100V +105C (Samwha-RD);366;8;6;4,5;0;10x13mm;+105C;
47mkF 16V  +105C (Samwha-RD);659;5;4;2,5;1,85;5x11mm;+105С;Samwha  серия RD
47mkF 250V  (Samwha-RD);8;25;20;16;0;12x25mm;+105С;Samwha  серия RD
47mkF 25V  +105C (Samwha-RD);126;5;4;2,5;1,85;5x11mm;+105C;Samwha  серия RD
47mkF 25V +105C (Panasonic EEUEB1E570S) 5000h;1000;5;4;2,5;1,85;5x11mm;+105C;
47mkF 35V +105C (Samwha-RD);308;5;4;2,5;1,85;5x11mm;+105С;
47mkF 400V +105С (Samwha-RD);4;60;55;50;0;16x31mm;+105С;Samwha  серия RD
47mkf 450v +105С (Jamicon-HS);9;70;60;0;0;22x25mm;;
47mkF 50V  +105C (Chenxing);1998;0;0;0;0,3;5x11mm;+105C;
47mkF 50V +105C (Samwha-RD);54;5;4;3;2,5;6x12mm;+105С;
47mkF 63V +105C (Samwha-RD);385;6;5;3,5;3;6x11mm;+105C;Samwha  серия RD
6800mkF 25V +105C (Samwha-RD);18;90;80;70;0;18x36mm;+105C;Samwha  серия RD
680mkF 25V +105С (Samwha-RD);170;20;18;15;0;10x16mm;+105С;Samwha  серия RD
680mkF 350V +105C (Jamicon-HS);20;400;350;0;0;35x40mm;+105C;
680mkF 400V +85C (Samwha-HJ);2;850;0;0;0;30x50mm;+85C;Samwha
680mkF 450V +85C (Hitachi HP3);2;300;270;0;0;35x48mm;+85C;
680mkF 50V (Samwha-RD);65;30;25;20;0;12,5x20mm;;
68mkF 400V +85C (Samwha-HC);10;130;100;0;0;22x20mm;+85C, +105С;Jamicon, Samwha
68mkF 450V +85C (Samwha-HC);16;150;125;0;0;22x25mm;+85C;Samwha  HC
68mkF 50V +105C (Jamicon-TKR);263;4;3;2;0;8x11mm;;
82mkF 400V +85C (Samwha-HC);7;125;100;0;0;22x30mm;+85C;  Samwha-HC
82mkF 450V +105C (Samwha-HE);10;150;125;0;0;22x30mm;;
SF 1000mkF 350V (CapXon-Foto);5;600;0;0;0;35х47mm;+55С;CapXon  SF (для фотовспышек)
SF 680mkF 350V (Capxon-Foto);4;400;0;0;0;d25x51mm;+55С;CapXon  SF (для фотовспышек)
К50-17 400В 500мкФ (-10/+50%) 89г;38;250;220;0;0;;;
"К50-20в 25В 1000мкФ ""5""";98;40;30;0;0;;;
"К50-20в 25В 2000мкФ ""5""";100;50;40;0;0;d?x??mm;;
"К50-20в 50В 2000мкФ ""5""";48;100;85;0;0;;;
К50-24 100В 220мкФ;34;30;25;0;0;"""5""";;аксиальные
К50-24 16В 10000мкФ;92;40;30;25;0;(+80/-20%);;аксиальные
К50-24 16В 4700мкФ;111;35;30;25;0;;;
К50-24 25В 1000мкФ;326;20;15;13;0;;;аксиальные
К50-24 25В 100мкФ;88;15;12;10;0;;;
К50-24 25В 1500мкФ;201;25;20;15;0;;;
К50-24 25В 2200мкФ;5;30;25;0;0;(+80/-20%);;аксиальные
К50-24 25В 4700мкФ;27;40;30;0;0;;аксиальные;
К50-24 25В 470мкФ;541;20;15;12;0;"""5""";аксиальные;
К50-24(В) 25В 220мкФ;415;20;15;12;0;"""5""";;аксиальные
К50-24/К50-29 100В 100мкФ;20;25;20;0;0;;;
К50-24В 6,3В 10000мкФ;45;40;30;0;0;"""5""";;аксиальные
"К50-24В 6,3В 1000мкФ ""5""";35;25;20;0;0;;;
К50-24В 6,3В 4700мкФ;50;30;25;0;0;"""5""";;аксиальные
К50-27 450В 47мкФ;215;30;25;20;0;;;
К50-27В 350В 22мкФ;145;30;25;20;0;;;
К50-27в 350В 47мкФ;8;30;25;0;0;;;
К50-29(В) 16В 220мкФ;19;15;12;10;0;;;
К50-29В 160В 47мкФ;122;30;25;20;0;;аксиальные;
К50-29В 16В 1000мкФ;72;25;20;17;0;;;
К50-29В 16В 2200мкФ;47;40;30;0;0;;;
"К50-29В 16В 470мкФ ""5""";24;0;0;0;0;;;
К50-29В 16В 47мкФ;75;15;12;10;0;;;
К50-29В 300В 10мкФ;1;20;15;0;0;;;
К50-29В 300В 47мкФ;17;30;25;0;0;"""5""";;аксиальные
К50-29В 450В 2,2мкФ;81;15;12;10;0;;аксиальные;
"К50-29В 6,3В 2200мкФ ""5""";55;0;0;0;0;;;
К50-29В 6,3В 4700мкФ;63;30;25;20;0;;аксиальные;
К50-29В 63В 470мкФ;1;30;25;0;0;;;аксиальные
К50-33А 6,3В 6800мкФ;15;50;40;0;0;;;
К50-77 400В 3300мкФ (06-07г);1;850;0;0;0;65x140(105)mm;+85C;
